{
    "like1": 
    {
        "bboxes": 
        [
            [
                0.3765625,
                0.4685185185185185,
                0.121875,
                0.24074074074074073
            ]
        ],
        "labels": [
            "like"
        ]
    },
    "like2": 
    {
        "bboxes": 
        [
            [
                0.6479166666666667,
                0.46944444444444444,
                0.10208333333333333,
                0.25555555555555554
            ]
        ],
        "labels": [
            "like"
        ]
    },
    "like3": 
    {
        "bboxes": 
        [
            [
                0.44375,
                0.5305555555555556,
                0.11354166666666667,
                0.2537037037037037
            ]
        ],
        "labels": [
            "like"
        ]
    },
    "dislike1": 
    {
        "bboxes": 
        [
            [
                0.39947916666666666,
                0.38055555555555554,
                0.1203125,
                0.25555555555555554
            ]
        ],
        "labels": [
            "dislike"
        ]
    },
    "dislike2": 
    {
        "bboxes": 
        [
            [
                0.396875,
                0.40370370370370373,
                0.11875,
                0.2537037037037037
            ]
        ],
        "labels": [
            "dislike"
        ]
    },
    "dislike3": 
    {
        "bboxes": 
        [
            [
                0.44479166666666664,
                0.3398148148148148,
                0.10729166666666666,
                0.24814814814814815
            ]
        ],
        "labels": [
            "dislike"
        ]
    },
    "stop1": 
    {
        "bboxes": 
        [
            [
                0.3020833333333333,
                0.1824074074074074,
                0.22083333333333333,
                0.5138888888888888
            ]
        ],
        "labels": [
            "stop"
        ]
    },
    "stop2": 
    {
        "bboxes": 
        [
            [
                0.41875,
                0.21388888888888888,
                0.209375,
                0.5037037037037037
            ]
        ],
        "labels": [
            "stop"
        ]
    },
    "stop3": 
    {
        "bboxes": 
        [
            [
                0.16822916666666668,
                0.2175925925925926,
                0.11302083333333333,
                0.26296296296296295
            ]
        ],
        "labels": [
            "stop"
        ]
    },
    "rock1": 
    {
        "bboxes": 
        [
            [
                0.3385416666666667,
                0.2851851851851852,
                0.10572916666666667,
                0.29259259259259257
            ]
        ],
        "labels": [
            "rock"
        ]
    },
    "rock2": 
    {
        "bboxes": 
        [
            [
                0.203125,
                0.26481481481481484,
                0.11458333333333333,
                0.2814814814814815
            ]
        ],
        "labels": [
            "rock"
        ]
    },
    "rock3": 
    {
        "bboxes": 
        [
            [
                0.3927083333333333,
                0.004629629629629629,
                0.09895833333333333,
                0.29259259259259257
            ]
        ],
        "labels": [
            "rock"
        ]
    },
    "peace1": 
    {
        "bboxes": 
        [
            [
                0.46197916666666666,
                0.28055555555555556,
                0.125,
                0.2814814814814815
            ]
        ],
        "labels": [
            "peace"
        ]
    },
    "peace2": 
    {
        "bboxes": 
        [
            [
                0.378125,
                0.2935185185185185,
                0.12239583333333333,
                0.2740740740740741
            ]
        ],
        "labels": [
            "peace"
        ]
    },
    "peace3": 
    {
        "bboxes": 
        [
            [
                0.6015625,
                0.19722222222222222,
                0.1046875,
                0.25833333333333336
            ]
        ],
        "labels": [
            "peace"
        ]
    }
}